
{
    "vehicles": [
        {
            "id": 1,
            "hint": "white sedan",
            "imagen": "/assets/vehiculo_1.png"
        },
        {
            "id": 2,
            "hint": "black sedan",
            "imagen": "/assets/vehiculo_2.png"
        },
        {
            "id": 3,
            "hint": "red sportscar",
            "imagen": "/assets/vehiculo_3.png"
        },
        {
            "id": 4,
            "hint": "silver compact",
            "imagen": "/assets/vehiculo_4.png"
        }
    ],
    "logos": [
      {
        "id": 1,
        "hint": "logo negro rojo",
        "imagen": "/assets/logo_negro_rojo.png"
      },
      {
        "id": 2,
        "hint": "logo azul blanco rojo",
        "imagen": "/assets/logo_azul_blanco_rojo.png"
      },
      {
        "id": 3,
        "hint": "logo blanco negro rojo",
        "imagen": "/assets/logo_blanco_negro_rojo.png"
      }
    ]
}
